text,overall_label,label_id,predicted
Provide more examples to support your points.,Feedback,0,0
"I see you're trying to make the content more interesting, but I think it's a bit too much. Less is often better.",Feedback,0,0
You've shown great understanding of the topic and provided relevant examples to support your points.,Feedback,0,0
It seems like you're struggling to find the right words to express your thoughts.,Feedback,0,0
You've effectively incorporated a diverse range of examples to support your argument.,Feedback,0,0
You use your own words to express ideas and the content flows well.,Feedback,0,0
You also provide sufficient examples to illustrate your points.,Feedback,0,0
I appreciate you being open and honest about your experiences.,Feedback,0,0
"I'd love to hear your thoughts on how you could improve the report, what do you think would make it even better?",Feedback,0,0
"This text is very clear and easy to read. 
You use many good transitions and sentence connections.",Feedback,0,0
I'd like to see more creative ways of presenting information.,Feedback,0,0
"I like how you got to the point of your argument, clearly and concisely.",Feedback,0,0
I was able to figure out how it worked in the middle of the prompt.,Feedback,0,0
It seems you're struggling with providing evidence to support your claims.,Feedback,0,0
"It looks like you've been practicing your writing skills. The report is well-organized, and the language is clear and concise. You've also used some effective rhetorical devices to keep the reader",Feedback,0,0
Would you like me to suggest a conclusion or ending to your essay?,Feedback,0,0
You presented the content in a clear and logical manner.,Feedback,0,0
You're good at building an opening and keeping the reader engaged.,Feedback,0,0
It is not clear how you derived your answer.,Feedback,0,0
I've been able to explain my point clearly by referencing prior knowledge of the topic.,Feedback,0,0
I see you used humor to lighten the mood in your report.,Feedback,0,0
"In conclusion, you've demonstrated exceptional organization and attention to detail.",Feedback,0,0
Do you want to create another one?,Feedback,0,0
"To clarify, what makes you think that this assignment was a good use of the time?",Feedback,0,0
"In terms of content, I think you should add more real-world examples to support your points.",Feedback,0,0
"As a teacher, you've shown that knowledge is power and can be used to effect change.",Feedback,0,0
That's a great way to summarize the main points.,Feedback,0,0
You've done a great job making connections between the different pieces of information.,Feedback,0,0
You should have proofread more thoroughly to catch the few errors in grammar and punctuation.,Feedback,0,0
I am not sure I agree with that statement.,Feedback,0,0
Provide context for your points and evidence to support your claims.,Feedback,0,0
To address the question I try to use an example in my response.,Feedback,0,0
Do you have any questions about the assignment or any other topics?,Feedback,0,0
Providing real-world examples would enhance the content's relevance and engagement.,Feedback,0,0
"It looks like you're almost done with the exercise, I'll wait for your confirmation before generating another prompt.",Feedback,0,0
It appears that you had difficulty implementing the direction given by the teacher.,Feedback,0,0
Creating a thesis statement has helped clarify your main point and focused the message.,Feedback,0,0
"Please provide a better conclusion, it was too short.",Feedback,0,0
That is a well-structured work. You organize your ideas clearly and effectively.,Feedback,0,0
You've used examples and anecdotes to make the information more relatable.,Feedback,0,0
You have done an excellent job of using transitional words and phrases to connect your ideas.,Feedback,0,0
"A good way to rephrase or restat the thesis statement would be ""The conclusion shows how [main idea] can affect [specific issue or problem].""",Feedback,0,0
The sentence is a perfect example of how to make the text interesting without being too long or confusing.,Feedback,0,0
"The text has been properly formatted, is easy to read and you used clear headings.",Feedback,0,0
You used metaphors effectively to explain complex concepts.,Feedback,0,0
Please keep up the good work!,Feedback,0,0
"I'd like to see a bit more depth in your analysis, but overall it was well done.",Feedback,0,0
What do you want to achieve through this?,Feedback,0,0
Your use of rhetorical devices effectively keeps the reader's attention.,Feedback,0,0
You should consider adding a conclusion to summarize the main points.,Feedback,0,0
"The tone is clear and easy to understand, with a good balance between seriousness and friendliness.",Feedback,0,0
"* Your report covered the main points clearly and was easy to follow.
* Whenever students lose focus I try to engage them asking them relevant questions.
* You've done an excellent job organizing the",Feedback,0,0
You've done a great job highlighting the importance of time management.,Feedback,0,0
Excellent job! You've clearly thought about the message and given it plenty of attention.,Feedback,0,0
You provide evidence to support your claims.,Feedback,0,0
You provide a good balance between the content and visual elements.,Feedback,0,0
"It's not clear why you chose to use the particular rhetorical device, though.",Feedback,0,0
Some of your arguments lacked support with evidence.,Feedback,0,0
You provided many useful details throughout the report.,Feedback,0,0
I can only use text. I don't have access to a visual interface like a drawing or graph.,Feedback,0,0
You showed great improvement in providing examples to support your arguments.,Feedback,0,0
Do you want to make changes in the future?,Feedback,0,0
"To summarize, providing examples supported your claims and demonstrated a clear understanding of the subject.",Feedback,0,0
It seems like you've put a lot of thought into this response. You're really trying to make a good impression.,Feedback,0,0
"Some of the statements you made were unclear, could you provide more clarification?",Feedback,0,0
You don't always use transition words and phrases. Consider adding them for better flow.,Feedback,0,0
"I'd like to see you use the word ""however"" more often in your writing.",Feedback,0,0
"In conclusion, your report is well-structured and easy to read.",Feedback,0,0
I've added a table to the final report.,Feedback,0,0
"*   Firstly, the tone of the message is polite and suitable for an educational setting.
*   The sentences are concise, clear, and easy to understand.
*   The messages are constructive",Feedback,0,0
"To sum up, you've provided a clear and compelling argument in your essay.",Feedback,0,0
You've done a great job making the text more engaging.,Feedback,0,0
You are doing great work.,Feedback,0,0
I would like to see some examples of how you use rhetorical devices in your writing.,Feedback,0,0
Your report provided an excellent overview of the main topic and covered all aspects relevant to the subject.,Feedback,0,0
Your transitions between ideas flow smoothly.,Feedback,0,0
You've done an excellent job organizing the content in an appealing way!,Feedback,0,0
"To create a more engaging essay, consider adding more supporting evidence.",Feedback,0,0
Your conclusion effectively highlights the main points of your report.,Feedback,0,0
Some students might find your presentation hard to understand if they don't read the report carefully.,Feedback,0,0
You could explain why the points you are presenting have importance.,Feedback,0,0
You take the time to explain complex ideas in a simple and clear way.,Feedback,0,0
What is your expected outcome from the survey?,Feedback,0,0
You presented your idea in a clear and concise manner.,Feedback,0,0
I tried to make the content visually appealing by using emojis and headers.,Feedback,0,0
You provided examples to support your arguments.,Feedback,0,0
You do a great job of summarizing and rephrasing the text to convey your main point.,Feedback,0,0
I really enjoyed reading your work and I think you have the potential to excel in any field.,Feedback,0,0
You did a good job in using the report to explain your reasoning.,Feedback,0,0
I like how you give examples to support your points.,Feedback,0,0
You've done a great job describing your main point and explaining why it's significant.,Feedback,0,0
I would like to give you a high score if you improve on those minor issues.,Feedback,0,0
You have written a well structured report that has made me want to know more.,Feedback,0,0
You've demonstrated a great ability to explain complex ideas in a clear and concise manner.,Feedback,0,0
The range of examples you provided is broad.,Feedback,0,0
I'd like to see how you can incorporate humor into your presentation.,Feedback,0,0
"You demonstrated an excellent grasp of the subject matter and presented it in a clear, concise manner.",Feedback,0,0
Provide a specific example from the report to illustrate your point.,Feedback,0,0
I would like to see more use of examples in your analysis.,Feedback,0,0
Is there anything you want me to improve in your writing?,Feedback,0,0
"When discussing the topic of social media, you provide a good balance between personal and objective viewpoints.",Feedback,0,0
How would you like me to improve the final conclusion?,Feedback,0,0
"As a student, I had difficulty completing the project because it was too lengthy.",Feedback,0,0
I wish you could have done a better job with transitions.,Feedback,0,0
You can always add a brief conclusion to summarize the main points and provide a final thought.,Feedback,0,0
"The start of the report was clear and concise, making it easy to understand.",Feedback,0,0
It would be good if you expanded on some points a bit more.,Feedback,0,0
You can create more engagement by including visual aids.,Feedback,0,0
I would like to see more varied vocabulary in your report.,Feedback,0,0
You've clearly demonstrated a great understanding of the subject matter.,Feedback,0,0
What is the purpose of this assignment?,Feedback,0,0
You could elaborate more on some of the points to provide more depth.,Feedback,0,0
You have a great way of making complex ideas easy to understand.,Feedback,0,0
You did an excellent job providing examples to support your points.,Feedback,0,0
"To make the report more engaging, I would suggest adding visual aids like diagrams or charts.",Feedback,0,0
I like how you managed to make your point without being too obvious.,Feedback,0,0
Your body paragraphs are well-structured and easy to follow.,Feedback,0,0
I want to see more in your discussion of counterarguments.,Feedback,0,0
You may use an explicit explanation of your thesis statement.,Feedback,0,0
That means that you chose to use evidence from the topic itself and used it effectively.,Feedback,0,0
You showed great potential in identifying the problem and coming up with a solution.,Feedback,0,0
You seem to have done an excellent job in crafting a well-structured report.,Feedback,0,0
The text is written in a way that you are able to easily follow.,Feedback,0,0
I would like to see a graphic illustrating the main points for better comprehension.,Feedback,0,0
Is there anything you'd like to add or clarify about your report?,Feedback,0,0
How do you think this will help me become a better student?,Feedback,0,0
Creating a flow of ideas by linking paragraphs together is excellent.,Feedback,0,0
You demonstrate a clear understanding of the topic and convey it in an easy-to-understand manner.,Feedback,0,0
Creating a sense of urgency is helpful in motivating the reader to take action.,Feedback,0,0
You used relevant examples to support your claims and help illustrate the point.,Feedback,0,0
Does it make sense to your teacher?,Feedback,0,0
"You have a tendency to use transitional phrases, perhaps consider using them more sparingly.",Feedback,0,0
You've created a very clear and coherent introduction.,Feedback,0,0
Some of the sentences could have been broken up for better readability.,Feedback,0,0
"Your writing is generally clear and easy to read. However, there are instances where the sentence structure could be improved.",Feedback,0,0
Your point about how not all mistakes are created equal is well presented.,Feedback,0,0
"I am here to assist you, how can I improve my responses for your task?",Feedback,0,0
The way you used transitions and connections between sentences was clear and helped to keep the report flowing smoothly.,Feedback,0,0
You could use more concrete evidence to support some of your points.,Feedback,0,0
I have completed a sentence. Please review it.,Feedback,0,0
Does it help to take time before responding.,Feedback,0,0
"I see you're trying to use transition words, but sometimes it can be too much.",Feedback,0,0
You've provided a good overview of the topic but I would like you to elaborate more on some parts.,Feedback,0,0
That's a great way to make the content more engaging and fun to read.,Feedback,0,0
Provide an example.  Explain how it relates to your work.,Feedback,0,0
"As you discussed, the use of appropriate transition words helped to build a cohesive and well-structured text.",Feedback,0,0
I think you did a great job providing specific examples to support your points.,Feedback,0,0
Do you want to add some visual elements such as images or charts.,Feedback,0,0
Your content is coherent and organized well.,Feedback,0,0
"You've clearly explained your main points, which was easy to follow.",Feedback,0,0
"That is one great point you made, about...",Feedback,0,0
Providing examples and real-life scenarios makes your content more relatable.,Feedback,0,0
You've done an excellent job summarizing the key points in a concise manner.,Feedback,0,0
You take an active role in gathering information and presenting it effectively.,Feedback,0,0
I have provided a suitable summary in the conclusion.,Feedback,0,0
I'd love to see you expand on your ideas with more evidence and supporting arguments.,Feedback,0,0
I see you've used varied sentence structures in your writing.,Feedback,0,0
You did a great job explaining the problem and then presenting a solution.,Feedback,0,0
It is good practice to leave space for revision and improvement.,Feedback,0,0
How can I assist you further?,Feedback,0,0
You could have done better by elaborating more on some points.,Feedback,0,0
You make me feel like I have done something right.,Feedback,0,0
Did you find it easy to gather data from the report?,Feedback,0,0
"Your introduction provided a clear overview of the topic, making it easy to understand.",Feedback,0,0
"To address the prompt, I provided relevant and sufficient details.",Feedback,0,0
I would like to see you use more concrete examples in your arguments.,Feedback,0,0
"Here is the collection of sentences in a list format.

1. Whenever students lose focus I try to engage them asking them relevant questions.
2. Your report covered the main points clearly and was",Feedback,0,0
I think you could have used more transitional words to connect your ideas.,Feedback,0,0
You have done a good job in providing clear examples to illustrate your points.,Feedback,0,0
The tone of your report was very professional.,Feedback,0,0
Some points could be supported with more evidence or examples.,Feedback,0,0
"Your explanation is quite clear and easy to follow, this can be further improved.",Feedback,0,0
You tried to use more complex sentences.,Feedback,0,0
Can you describe how you solved this problem or task?,Feedback,0,0
You started with a hook and kept it engaging throughout the report.,Feedback,0,0
Is your writing clear and concise?,Feedback,0,0
You could elaborate more on your conclusions.,Feedback,0,0
I love the humor you used throughout your text.,Feedback,0,0
I'd like to provide some constructive criticism on your report. What specific areas would you like me to improve upon?,Feedback,0,0
Is there anything you'd like to change or improve about this piece?,Feedback,0,0
The purpose of the writing is clear and that's something I appreciate.,Feedback,0,0
Please feel free to describe your learning objectives.,Feedback,0,0
A well-structured report is impressive and easy to read.,Feedback,0,0
Provide more examples or evidence to support your arguments.,Feedback,0,0
You tried to convince the reader by using persuasive language.,Feedback,0,0
You could improve your writing by using more precise vocabulary.,Feedback,0,0
You provided specific examples throughout your report to illustrate each point.,Feedback,0,0
The sentences you chose in the body of your report added clarity and flow.,Feedback,0,0
I think the sentences could be varied and not all repetition is necessary.,Feedback,0,0
You provided several examples to support your argument.,Feedback,0,0
How do you think this will help me improve in the future?,Feedback,0,0
Do you have any suggestions on how to improve this document?,Feedback,0,0
You've done a great job highlighting the importance of the topic.,Feedback,0,0
Your audience is almost entirely silent except for a few people.,Feedback,0,0
"The report covers the main points of a project.
The report includes supporting evidence.
The conclusion summarizes the key points well.

This is just a sample response. Feel free to adjust it according to",Feedback,0,0
You've done a great job summarizing the key points and making them easy to understand.,Feedback,0,0
What are some of the strengths and weaknesses you see in your work?,Feedback,0,0
"I appreciate the effort you put into your report, but some ideas may need to be worked on in future projects.",Feedback,0,0
Would you like to give a self-assessment of your project?,Feedback,0,0
Do you want to see a report on the main points?,Feedback,0,0
You may want to consider using a stronger conclusion to leave a lasting impression.,Feedback,0,0
Provide a sentence describing how to improve an example.,Feedback,0,0
Creating a conclusion that ties all your points together effectively was an accomplishment.,Feedback,0,0
The report is well-structured and easy to follow.,Feedback,0,0
I like how you used examples to illustrate your points.,Feedback,0,0
Some points could have been elaborated further to provide a clearer understanding.,Feedback,0,0
"I like the use of transitional words and phrases, they help to create a smooth flow of ideas.",Feedback,0,0
"Sometimes your sentences are a bit too long, it would improve the flow if you broke them up into shorter ones.",Feedback,0,0
You do not use the first person point of view effectively in your text.,Feedback,0,0
You summarize the report with a clear main point.,Feedback,0,0
You explain things clearly and your writing is easy to follow.,Feedback,0,0
You've provided a good overview of your topic.,Feedback,0,0
Your report was well-structured and easy to read.,Feedback,0,0
I would appreciate a proper table of contents.,Feedback,0,0
It seems like you're struggling to define your purpose and audience for this report.,Feedback,0,0
Your report is a good start but it would benefit from more examples and supporting evidence.,Feedback,0,0
It is always good to see how you use your knowledge in a practical way.,Feedback,0,0
I love the way you clearly state your main point and back it up with supporting evidence.,Feedback,0,0
A well-structured introduction was presented.,Feedback,0,0
You have done an excellent job writing a clear and concise introduction to the report.,Feedback,0,0
I wish you more experience with using humor in your reports.,Feedback,0,0
Provide a good topic sentence to start your essay.,Feedback,0,0
I'd like to see you expand on the topic in future assignments.,Feedback,0,0
You could have added a personal anecdote to make your points more relatable.,Feedback,0,0
I love how you incorporated humor to make the content more enjoyable and engaging.,Feedback,0,0
"I can generate text on a given topic or subject, and even respond to user input with the same level of sophistication as human conversation.",Feedback,0,0
"Provide more visuals, charts or graphs to help illustrate your points.",Feedback,0,0
Do you want to learn more about the topic of this report?,Feedback,0,0
I'd like to see more examples of each type of device used.,Feedback,0,0
You've done a great job explaining the main idea of your report.,Feedback,0,0
I think you should take some time to review and edit your work before submitting it.,Feedback,0,0
I tried to identify the best ways to present information using diagrams and charts.,Feedback,0,0
What does your report convey about you as a student?,Feedback,0,0
You did a great job on the main topic of this report.,Feedback,0,0
I'd like to see more personal reflections and thoughts on the topic.,Feedback,0,0
It appears you're concerned about the validity of your points.,Feedback,0,0
"Your report was clear and easy to follow, with excellent organization.",Feedback,0,0
I love how you used metaphors to illustrate complex concepts.,Feedback,0,0
You effectively applied relevant theories to your analysis.,Feedback,0,0
The purpose of this piece appears to be to inform or persuade.,Feedback,0,0
I love the way you've shown your thought process.,Feedback,0,0
"Here are some suggestions:
1. Use more vivid and descriptive language to paint a clearer picture.
2. Provide examples to support your points, especially in areas where the topic is unclear.
3",Feedback,0,0
What is the next step to take after writing a report?,Feedback,0,0
You did a great job of using the data to support your points.,Feedback,0,0
You've created a clear and concise plan of action.,Feedback,0,0
I can generate a wide variety of text based on your prompt. Would you like to see an example of this in action?,Feedback,0,0
A more detailed explanation of the supporting evidence would have made it even clearer.,Feedback,0,0
You are doing a good job of explaining complex concepts.,Feedback,0,0
How can you summarize the main points in a short paragraph. (You are limited to 150-200 words),Feedback,0,0
"I'd love to see you include more visuals, such as diagrams or charts, to help illustrate complex concepts.",Feedback,0,0
It's great that you're thinking about the purpose and audience of your work.,Feedback,0,0
I was looking for a conclusion where you tie everything together and make it clear what you've learned.,Feedback,0,0
You did a great job summarizing your points in the conclusion.,Feedback,0,0
Your ideas and examples seem to flow well from one point to the next.,Feedback,0,0
This is the end of our interaction.,Feedback,0,0
I'd love to hear your thoughts on my response.,Feedback,0,0
You have done a great job in giving many examples.,Feedback,0,0
I apologize for the lack of clarity in my response.,Feedback,0,0
"As a neutral AI, I don't have personal opinions or biases but I can provide you with general information on the topic.",Feedback,0,0
It looks like you've completed the exercise. Do you want to create another one?,Feedback,0,0
You should be more specific about the context or background information you're using.,Feedback,0,0
I'd like to see more comparisons and contrasts in your analysis.,Feedback,0,0
"I noticed you used ""yourself"" incorrectly in one sentence.",Feedback,0,0
You've done an excellent job on your project!,Feedback,0,0
Your message was very engaging and easy to read.,Feedback,0,0
You demonstrate a great ability to use various rhetorical devices such as metaphors and allusions in your writing.,Feedback,0,0
"To increase student engagement, I would suggest asking questions that require critical thinking and creativity.",Feedback,0,0
"I think you're doing a great job with the project, but I want to see more depth in your research and analysis.",Feedback,0,0
I think you did a great job in clearly summarizing the main points. You also provided relevant examples to support your arguments.,Feedback,0,0
Do you have any questions about the assignment or need help with anything else?,Feedback,0,0
"You use ""I"" statements to express your thoughts and feelings.",Feedback,0,0
Provide more context about the topic you're discussing.,Feedback,0,0
"To add some variety to the text, you could use different sentence structures.",Feedback,0,0
Excellent work on your report. You have done a great job of making it easy to read and understand.,Feedback,0,0
Your introduction is clear and sets up the main points well.,Feedback,0,0
I think your introduction was very clear and concise.,Feedback,0,0
I see you used logical transitions to connect your ideas.,Feedback,0,0
That's a great way to summarize your points!,Feedback,0,0
"You present your report in a well-structured format, easy to follow.",Feedback,0,0
Please elaborate on why you think your work is effective.,Feedback,0,0
What is the most important thing you learned from this assignment?,Feedback,0,0
"In evaluating student reports, I look for evidence of: 
1) Clear and concise writing. 
2) Effective organization and structure.
3) Strong, relevant arguments or evidence to support the",Feedback,0,0
You do an excellent job of providing concrete examples to support your arguments.,Feedback,0,0
I would like to see the full report on your next submission.,Feedback,0,0
"To improve, consider using more concrete examples to support your points.",Feedback,0,0
You have done a good job of explaining your points clearly and giving examples.,Feedback,0,0
"The report follows a clear structure, making it easy to read and understand.",Feedback,0,0
I was wondering what you thought about the use of rhetorical devices in your report.,Feedback,0,0
"You summarize the entire report in the conclusion, which helps to reinforce your main points.",Feedback,0,0
"Here are a few more:
1.  An excellent approach is to use the present tense in your writing.
2.  A useful tip is to support your claims with evidence from credible sources",Feedback,0,0
You should provide more details to support your claims.,Feedback,0,0
You've made some good points about the topic.,Feedback,0,0
"You do a good job of being concise, the message is easy to read and understand.",Feedback,0,0
I appreciate your creativity in addressing the topic.,Feedback,0,0
You're doing a fantastic job of organizing your thoughts and presenting them clearly.,Feedback,0,0
You've made some great suggestions for future improvements.,Feedback,0,0
The font is too small to read easily. Consider using a larger font size in the future.,Feedback,0,0
The effect of using these devices is that it enhances the overall quality of the content.,Feedback,0,0
"To improve, practice breaking up long paragraphs into shorter ones.",Feedback,0,0
I want to see you incorporate more persuasive language techniques.,Feedback,0,0
You've made a very good effort in researching and incorporating sources into your report.,Feedback,0,0
"When you identify areas for improvement, provide clear and actionable solutions.",Feedback,0,0
It seems you've incorporated the most suitable data points and visuals to convey your ideas.,Feedback,0,0
You did a great job in providing many examples to support your points.,Feedback,0,0
I am interested to see how you will explain your points in the future.,Feedback,0,0
You present your arguments clearly and helpfully support them with evidence.,Feedback,0,0
"If I could give you one piece of advice, it would be to show the students how the content is relevant to their lives.",Feedback,0,0
Do you want to make an impact on your audience?,Feedback,0,0
If I have to give you a rating I would say it's 5/5. You did an excellent job in every aspect.,Feedback,0,0
"I noticed you used the pronoun 'we' to make your point, it worked well.",Feedback,0,0
That's a good idea. You could add some visual elements to make the presentation more engaging.,Feedback,0,0
I am happy to help you with your task. What can I assist you with today?,Feedback,0,0
It seems like you're trying to address a specific issue. What would be the best approach to tackling it?,Feedback,0,0
I like the way you presented your main ideas in a clear and concise manner.,Feedback,0,0
Can you elaborate on how that was relevant to the prompt?,Feedback,0,0
You used visual elements to make the content more appealing.,Feedback,0,0
I was impressed by the thoroughness and depth of your research.,Feedback,0,0
I'd like to see you use more transitions between sentences in the future.,Feedback,0,0
You've demonstrated an excellent understanding of the topic and presented your points clearly.,Feedback,0,0
You've done a great job of analyzing and explaining the topic.,Feedback,0,0
"Here is the complete list of 20 sentences:
1. Whenever students lose focus I try to engage them asking them relevant questions.
2. Your report covered the main points clearly and was easy",Feedback,0,0
You've taken time to proofread your report and the results are clear.,Feedback,0,0
It seems you've shown exceptional critical thinking skills in your report.,Feedback,0,0
Does this help?,Feedback,0,0
You have done an excellent job using rhetorical devices to make the essay more engaging.,Feedback,0,0
A clear and concise title is essential for the report's content.,Feedback,0,0
I would appreciate it if you could provide a clear overview of the main points.,Feedback,0,0
"The content is engaging, and you effectively support your arguments with evidence.",Feedback,0,0
You've done an excellent job providing supporting evidence to your claims.,Feedback,0,0
"I can generate text that simulates human-like conversations, such as this one. I'm here to help answer any questions you have or provide information on a wide range of topics. 

Would",Feedback,0,0
You are doing great work. Your report was well-written and easy to understand.,Feedback,0,0
You have made significant progress in your writing skills. Keep it up!,Feedback,0,0
"How do you generate a sentence like ""But what's the alternative?""",Feedback,0,0
"You've utilized a variety of descriptive phrases, adding depth to your report.",Feedback,0,0
You've done a great job of presenting your ideas clearly and in an organized manner.,Feedback,0,0
"You use the word ""though"" frequently.",Feedback,0,0
Please elaborate on how you came up with this idea.,Feedback,0,0
I want to hear your thoughts on this prompt! What do you think is working well and what could be improved?,Feedback,0,0
Your report covered the main points clearly and was easy to follow.,Feedback,0,0
"Here is the corrected version:
You manage to keep the reader's attention with your use of rhetorical devices.",Feedback,0,0
Do you want to give a report on one of your recent experiments.,Feedback,0,0
I really appreciate your enthusiasm for the topic and willingness to learn.,Feedback,0,0
"What if the report would need to be rewritten from scratch, how would you approach it?",Feedback,0,0
You provide a clear definition for each term and explain their importance.,Feedback,0,0
I'd like to see more descriptive language in your report.,Feedback,0,0
You're doing a great job using examples to make your points more relatable.,Feedback,0,0
You demonstrate a strong ability to adapt and adjust your approach as the conversation progresses.,Feedback,0,0
You've demonstrated a strong ability to engage the audience through storytelling.,Feedback,0,0
"I think your structure is a good way to organize the essay, but consider using transition words and phrases.",Feedback,0,0
How do you see this report fitting into the overall project scope?,Feedback,0,0
You use an effective comparison to make the topic more interesting and engaging.,Feedback,0,0
I think you used persuasive language to make the content more engaging.,Feedback,0,0
You're doing a great job of explaining complex concepts in simple terms.,Feedback,0,0
"You've presented your points in a clear and organized manner, making it easy for the reader to follow along.",Feedback,0,0
I really like your use of metaphors to explain complex concepts.,Feedback,0,0
"You use persuasive language effectively, providing good arguments for your points.",Feedback,0,0
I am not sure I agree with your analysis of the text.,Feedback,0,0
You may need to refine your conclusion as it feels a bit abrupt.,Feedback,0,0
You could have added more supporting evidence to make your points stronger.,Feedback,0,0
You've demonstrated an excellent ability to work collaboratively with your peers.,Feedback,0,0
Can you give me an example of how you create a compelling introduction?,Feedback,0,0
I think you need to work on providing more details and explanations.,Feedback,0,0
Thank you for providing a detailed and well-structured report. Would you like to create another one?,Feedback,0,0
"I don't have a response to this prompt. 
This conversation has ended.",Feedback,0,0
I love how you took the time to explain each step in detail.,Feedback,0,0
I wish you could make it a bit shorter.,Feedback,0,0
I'd like to know what you're trying to say with the message I receive.,Feedback,0,0
Let me know if you want to simulate more conversations or try something else.,Feedback,0,0
You've done a great job of using examples to illustrate your points.,Feedback,0,0
A good starting point is to clearly define the main theme or purpose of your text.,Feedback,0,0
I need to check the function for these chat models. Can you help me out?,Feedback,0,0
Is there anything I can improve?,Feedback,0,0
Please let me know if I can help with anything else.,Feedback,0,0
You have covered all the important points in your report.,Feedback,0,0
You introduced the topic well and it was easy to follow your reasoning.,Feedback,0,0
You describe your perspective in a way that is easy to understand.,Feedback,0,0
You've shown great improvement in using transitional phrases to connect your ideas.,Feedback,0,0
You did a great job summarizing the main ideas in your essay.,Feedback,0,0
You could have used more examples to support your points.,Feedback,0,0
"Your idea was really good, I liked how you presented the information.",Feedback,0,0
The conversation has ended.,Feedback,0,0
A very clear structure with each section having a specific purpose.,Feedback,0,0
Did you try to use transitional phrases?,Feedback,0,0
I noticed you have a tendency to repeat yourself.,Feedback,0,0
This report covers all the required points in a clear and concise manner.,Feedback,0,0
I love your enthusiasm and creativity in this report!,Feedback,0,0
"I'd like to see more of your thoughts on the topic, not just what you said.",Feedback,0,0
You did an excellent job presenting all the necessary information and comparing it to other options.,Feedback,0,0
You tend to provide extra details that are not necessary.,Feedback,0,0
That helps students understand the importance of using rhetorical devices in writing.,Feedback,0,0
Provide clear and concise language to help the reader easily understand complex concepts.,Feedback,0,0
You could have added more supporting evidence to your points.,Feedback,0,0
"You provide your own insights, helping to make the content more relatable.",Feedback,0,0
You used rhetorical devices in your report.,Feedback,0,0
I'd love to see more detailed examples in your explanation.,Feedback,0,0
Provide a strong title that captures the main idea of your essay.,Feedback,0,0
I would suggest adding more details and examples to make the content more engaging.,Feedback,0,0
I'd like to see more examples of using real-world scenarios in your analysis.,Feedback,0,0
You've done a great job explaining your ideas clearly and simply.,Feedback,0,0
"You begin each paragraph clearly, setting the tone for the rest of the piece.",Feedback,0,0
You also handled the transition from different sections nicely.,Feedback,0,0
Some parts of your report could be further improved upon to make the content more engaging.,Feedback,0,0
"Here is a suggestion for each of your responses:
1.  Be more specific and provide examples to support your points.
2.  Use proper grammar, spelling, and punctuation.
3.",Feedback,0,0
"You're using some useful transitions in your report, however it's missing a conclusion.",Feedback,0,0
Creating a graphic organizer was an excellent way to visualize the structure of your report.,Feedback,0,0
"That's a good effort to use transition words, but it could be improved.",Feedback,0,0
What do you hope the reader will take away from your essay?,Feedback,0,0
I like how you incorporated visual elements such as diagrams to explain concepts.,Feedback,0,0
It seems like you've been focusing on the main points and avoiding unnecessary information.,Feedback,0,0
You should elaborate more on the significance of your points.,Feedback,0,0
Some of the sentences could be rephrased for better clarity and flow.,Feedback,0,0
You need to work on organizing the content better.,Feedback,0,0
You provide relevant examples that support your arguments.,Feedback,0,0
What is the main point that you want to convey in your response?,Feedback,0,0
You could improve your report by including more visual aids to help illustrate complex concepts.,Feedback,0,0
That means you are always thinking about how to make your reports engaging.,Feedback,0,0
"It seems you've used a lot of vocabulary, but some of it might be too difficult for younger readers.",Feedback,0,0
I appreciate your willingness to take risks and be creative in your writing.,Feedback,0,0
"Your report was well structured and easy to read. You had a clear introduction, body and conclusion.",Feedback,0,0
Can you explain how I can improve in writing?,Feedback,0,0
That is a very good point. Many of your paragraphs were well-structured and easy to follow.,Feedback,0,0
It looks like you've provided a detailed response. Is there anything else you'd like to share or discuss?,Feedback,0,0
You have done a great job explaining the topic in an easy-to-understand manner.,Feedback,0,0
"The conclusion summarizes the main points well, and provides some new insights.",Feedback,0,0
You made a point in the first paragraph and it was clearly visible to all.,Feedback,0,0
You have shown good use of transition words.,Feedback,0,0
Provide some context or background information about the topic you're discussing.,Feedback,0,0
I would like to see you use examples from the textbook more frequently.,Feedback,0,0
The conclusion wraps up the content nicely and leaves a lasting impression.,Feedback,0,0
The tone is generally good and clear.,Feedback,0,0
"You should try to make it more concise, there are too many words.",Feedback,0,0
You make it easy for me to see the importance of various topics in your report.,Feedback,0,0
"You make a clear connection to the topic, and your content is well-structured.",Feedback,0,0
I'd love to see more critical thinking.,Feedback,0,0
You should provide more examples to support your arguments.,Feedback,0,0
"When you share your insights, the readers can feel what it means to have a good imagination.",Feedback,0,0
I love how you used transitions to make your report flow smoothly.,Feedback,0,0
What will be the impact on your audience?,Feedback,0,0
"To achieve a positive outcome, consider adding an example to your conclusion.",Feedback,0,0
I'd like to see more examples of how you could improve the content with some real-world scenarios.,Feedback,0,0
You should provide more supporting evidence to back up your claims.,Feedback,0,0
Your organization and structure made the content easy to follow.,Feedback,0,0
It seems like you've done a great job summarizing the main points and making them easy to understand.,Feedback,0,0
"When you provide a real example, it helps make your points more relatable.",Feedback,0,0
You've provided great examples that help illustrate your points.,Feedback,0,0
"You've demonstrated excellent time management skills, completing the tasks on time.",Feedback,0,0
What is the impact of this writing on the readers?,Feedback,0,0
You get some details wrong however and sometimes the explanations lack clarity.,Feedback,0,0
Do you want me to help with your next task?,Feedback,0,0
That's a good example of how to use figurative language in context.,Feedback,0,0
I like how you've provided supporting evidence for your points.,Feedback,0,0
*This is a pre-written response. I can generate a random sentence if you'd like.*,Feedback,0,0
I'd like to see a more detailed explanation of the points you're discussing.,Feedback,0,0
A well-structured report with good transitions and clear explanations.,Feedback,0,0
Can you provide examples of persuasive writing techniques you're familiar with?,Feedback,0,0
"The tone of your report is generally good, but sometimes it can be a bit too serious.",Feedback,0,0
Thank you for creating a prompt. It was helpful.,Feedback,0,0
I think your report is well-structured and easy to follow.,Feedback,0,0
I like how you varied your sentences to keep the content interesting.,Feedback,0,0
Provide an example of a well-written paragraph.,Feedback,0,0
That is an example of good persuasive writing.,Feedback,0,0
You showed the main points of your report with clear and concise headings.,Feedback,0,0
You're doing a great job incorporating the research into your text.,Feedback,0,0
You are doing great work on creating a well-structured report.,Feedback,0,0
"Some points could be clarified with examples, that would help the reader better understand.",Feedback,0,0
What are some ideas you have about how to improve your response?,Feedback,0,0
"I think your report was excellent, and I'm impressed by the effort you put into it.",Feedback,0,0
It seems you could improve the tone by making it more personal and relatable.,Feedback,0,0
How can I help you create a more engaging and effective report?,Feedback,0,0
I don't think you mentioned the importance of topic selection.,Feedback,0,0
I wish you more time to organize your thoughts in the essay.,Feedback,0,0
You're able to link your points to create a compelling narrative.,Feedback,0,0
"I am sorry, but I did not receive any input. It seems like the chat stopped responding.",Feedback,0,0
"You use ""I"" pronouns in your writing, making it sound more personal and engaging.",Feedback,0,0
You've shown a clear understanding of the topic and demonstrated your ability to analyze it.,Feedback,0,0
A well-organized conclusion sets the tone for future reflections.,Feedback,0,0
You might want to include more supporting evidence in your analysis.,Feedback,0,0
What is the main issue you're facing in this task?,Feedback,0,0
I like how you used descriptive language to paint a picture in the reader's mind.,Feedback,0,0
